ID,film,Year,Genre,RunTime,Description,IMDB_Score,Value_IMDB
0,Eternals,-2021,"Action,Adventure,Drama",0,"The saga of the Eternals, a race of immortal beings who lived on Earth and shaped its history and civilizations.",0.0,Bad
1,Loki,(2021–2023),"Action,Adventure,Fantasy",0,A new Marvel chapter with Loki at its center.,0.0,Bad
2,The Falcon and the Winter Soldier,-2021,"Action,Adventure,Drama",50 min,"Following the events of 'Avengers: Endgame,' Sam Wilson/Falcon and Bucky Barnes/Winter Soldier team up in a global adventure that tests their abilities -- and their patience.",7.5,Good
3,WandaVision,(2021),"Action,Comedy,Drama",350 min,"Blends the style of classic sitcoms with the MCU, in which Wanda Maximoff and Vision - two super-powered beings living their ideal suburban lives - begin to suspect that everything is not as it seems.",8.1,Good
4,Spider-Man: No Way Home,-2021,"Action,Adventure,Sci-Fi",0,A continuation of Spider-Man: Far From Home.,0.0,Bad
5,Black Widow,-2021,"Action,Adventure,Sci-Fi",133 min,A film about Natasha Romanoff in her quests between the films Civil War and Infinity War.,0.0,Bad
6,Avengers: Endgame,-2019,"Action,Adventure,Drama",181 min,"After the devastating events of Avengers: Infinity War (2018), the universe is in ruins. With the help of remaining allies, the Avengers assemble once more in order to reverse Thanos' actions and restore balance to the universe.",8.4,Good
7,Guardians of the Galaxy,-2014,"Action,Adventure,Comedy",121 min,A group of intergalactic criminals must pull together to stop a fanatical warrior with plans to purge the universe.,8.0,Good
8,Thor: Love and Thunder,-2022,"Action,Adventure,Fantasy",0,The sequel to Thor: Ragnarok and the fourth film in the Thor saga.,0.0,Bad
9,Spider-Man: Far from Home,-2019,"Action,Adventure,Sci-Fi",129 min,"Following the events of Avengers: Endgame (2019), Spider-Man must step up to take on new threats in a world that has changed forever.",7.5,Good
10,Thor: Ragnarok,-2017,"Action,Adventure,Comedy",130 min,"Imprisoned on the planet Sakaar, Thor must race against time to return to Asgard and stop Ragnarök, the destruction of his world, at the hands of the powerful and ruthless villain Hela.",7.9,Good
11,Avengers: Infinity War,-2018,"Action,Adventure,Sci-Fi",149 min,The Avengers and their allies must be willing to sacrifice all in an attempt to defeat the powerful Thanos before his blitz of devastation and ruin puts an end to the universe.,8.4,Good
12,Black Panther,-2018,"Action,Adventure,Sci-Fi",134 min,"T'Challa, heir to the hidden but advanced kingdom of Wakanda, must step forward to lead his people into a new future and must confront a challenger from his country's past.",7.3,Good
13,Captain Marvel,-2019,"Action,Adventure,Sci-Fi",123 min,Carol Danvers becomes one of the universe's most powerful heroes when Earth is caught in the middle of a galactic war between two alien races.,6.9,Bad
14,Shang-Chi and the Legend of the Ten Rings,-2021,"Action,Adventure,Fantasy",0,"The film, based on Marvel Comics, will focus on Shang-Chi; 'The Master of Kung-Fu'.",0.0,Bad
15,Spider-Man: Homecoming,-2017,"Action,Adventure,Sci-Fi",133 min,"Peter Parker balances his life as an ordinary high school student in Queens with his superhero alter-ego Spider-Man, and finds himself on the trail of a new menace prowling the skies of New York City.",7.4,Good
16,Avengers: Age of Ultron,-2015,"Action,Adventure,Sci-Fi",141 min,"When Tony Stark and Bruce Banner try to jump-start a dormant peacekeeping program called Ultron, things go horribly wrong and it's up to Earth's mightiest heroes to stop the villainous Ultron from enacting his terrible plan.",7.3,Good
17,Captain America: The First Avenger,-2011,"Action,Adventure,Sci-Fi",124 min,"Steve Rogers, a rejected military soldier, transforms into Captain America after taking a dose of a ""Super-Soldier serum"". But being Captain America comes at a price as he attempts to take down a war monger and a terrorist organization.",6.9,Bad
18,Guardians of the Galaxy Vol. 2,-2017,"Action,Adventure,Comedy",136 min,"The Guardians struggle to keep together as a team while dealing with their personal family issues, notably Star-Lord's encounter with his father the ambitious celestial being Ego.",7.6,Good
19,Thor,-2011,"Action,Adventure,Fantasy",115 min,"The powerful but arrogant god Thor is cast out of Asgard to live amongst humans in Midgard (Earth), where he soon becomes one of their finest defenders.",7.0,Good
20,Iron Man,-2008,"Action,Adventure,Sci-Fi",126 min,"After being held captive in an Afghan cave, billionaire engineer Tony Stark creates a unique weaponized suit of armor to fight evil.",7.9,Good
21,Captain America: Civil War,-2016,"Action,Adventure,Sci-Fi",147 min,Political involvement in the Avengers' affairs causes a rift between Captain America and Iron Man.,7.8,Good
22,The Avengers,-2012,"Action,Adventure,Sci-Fi",143 min,Earth's mightiest heroes must come together and learn to fight as a team if they are going to stop the mischievous Loki and his alien army from enslaving humanity.,8.0,Good
23,Doctor Strange in the Multiverse of Madness,-2022,"Action,Adventure,Fantasy",0,Plot unknown. Sequel to the 2016 Marvel film 'Doctor Strange'.,0.0,Bad
24,Brightburn,-2019,"Drama,Horror,Mystery",90 min,"What if a child from another world crash-landed on Earth, but instead of becoming a hero to mankind, he proved to be something far more sinister?",6.1,Bad
25,Doctor Strange,-2016,"Action,Adventure,Fantasy",115 min,"While on a journey of physical and spiritual healing, a brilliant neurosurgeon is drawn into the world of the mystic arts.",7.5,Good
26,Ant-Man,-2015,"Action,Adventure,Comedy",117 min,"Armed with a super-suit with the astonishing ability to shrink in scale but increase in strength, cat burglar Scott Lang must embrace his inner hero and help his mentor, Dr. Hank Pym, plan and pull off a heist that will save the world.",7.3,Good
27,Captain America: The Winter Soldier,-2014,"Action,Adventure,Sci-Fi",136 min,"As Steve Rogers struggles to embrace his role in the modern world, he teams up with a fellow Avenger and S.H.I.E.L.D agent, Black Widow, to battle a new threat from history: an assassin known as the Winter Soldier.",7.7,Good
28,Iron Man 3,-2013,"Action,Adventure,Sci-Fi",130 min,"When Tony Stark's world is torn apart by a formidable terrorist called the Mandarin, he starts an odyssey of rebuilding and retribution.",7.1,Good
29,What If...?,(2021– ),"Animation,Action,Adventure",0,"Exploring pivotal moments from the Marvel Cinematic Universe and turning them on their head, leading the audience into uncharted territory.",0.0,Bad
30,Black Panther: Wakanda Forever,-2022,"Action,Adventure,Drama",0,A sequel that will continue to explore the incomparable world of Wakanda and all the rich and varied characters introduced in the 2018 film.,0.0,Bad
31,Thor: The Dark World,-2013,"Action,Adventure,Fantasy",112 min,"When the Dark Elves attempt to plunge the universe into darkness, Thor must embark on a perilous and personal journey that will reunite him with doctor Jane Foster.",6.9,Bad
32,Iron Man 2,-2010,"Action,Adventure,Sci-Fi",124 min,"With the world now aware of his identity as Iron Man, Tony Stark must contend with both his declining health and a vengeful mad man with ties to his father's legacy.",7.0,Good
33,Spider-Man 3,-2007,"Action,Adventure,Sci-Fi",139 min,"A strange black entity from another world bonds with Peter Parker and causes inner turmoil as he contends with new villains, temptations, and revenge.",6.2,Bad
34,Ant-Man and the Wasp,-2018,"Action,Adventure,Comedy",118 min,"As Scott Lang balances being both a superhero and a father, Hope van Dyne and Dr. Hank Pym present an urgent new mission that finds the Ant-Man fighting alongside The Wasp to uncover secrets from their past.",7.0,Good
35,The Incredible Hulk,-2008,"Action,Adventure,Sci-Fi",112 min,"Bruce Banner, a scientist on the run from the U.S. Government, must find a cure for the monster he turns into whenever he loses his temper.",6.7,Bad
36,Hawkeye,(2021),"Action,Adventure,Crime",60 min,"Series based on the Marvel Comics superhero Hawkeye, centering on the adventures of Young Avenger, Kate Bishop, who took on the role after the original Avenger, Clint Barton.",0.0,Bad
37,Guardians of the Galaxy Vol. 3,-2023,"Action,Adventure,Comedy",0,Plot unknown. Third installment of the 'Guardians of the Galaxy' franchise.,0.0,Bad
38,The Marvels,-2024,"Action,Adventure,Fantasy",0,Sequel of the 2019 title 'Captain Marvel'.,0.0,Bad
39,Moon Knight,(2022– ),"Action,Adventure,Drama",0,"Marc Spector is a former CIA agent whose life is saved by the Moon God, Khonshu.",0.0,Bad
40,Long Shot,-2019,"Comedy,Romance",125 min,"Journalist Fred Flarsky reunites with his childhood crush, Charlotte Field, now one of the most influential women in the world. As she prepares to make a run for the Presidency, Charlotte hires Fred as her speechwriter and sparks fly.",6.8,Bad
41,Ralph Breaks the Internet,-2018,"Animation,Adventure,Comedy",112 min,"Six years after the events of ""Wreck-It Ralph,"" Ralph and Vanellope, now friends, discover a wi-fi router in their arcade, leading them into a new adventure.",7.0,Good
42,Fantastic 4: Rise of the Silver Surfer,-2007,"Action,Adventure,Fantasy",92 min,The Fantastic Four learn that they aren't the only super-powered beings in the universe when they square off against the powerful Silver Surfer and the planet-eating Galactus.,5.6,Bad
43,Ms. Marvel,(2022),"Action,Adventure,Comedy",0,New Jersey raised Kamala Khan learns she has polymorphous powers.,0.0,Bad
44,Fantastic Four,,"Action,Adventure,Comedy",0,One of Marvel's most iconic families makes it to the big screen: the Fantastic Four.,0.0,Bad
45,She-Hulk,(2022),"Action,Adventure,Comedy",0,Jennifer Walters acquires Hulk-like qualities.,0.0,Bad
46,Secret Invasion,(2023),"Action,Adventure,Drama",0,Fury and Talos try to stop the Skrulls who have infiltrated the highest spheres of the Marvel Universe.,0.0,Bad
47,Deadpool & Wolverine,-2024,"Action,Comedy,Sci-Fi",0,"The film is rumored to involve another popular group in the X-Men mythos, X-Force.",0.0,Bad
48,Blade,-,"Action,Adventure,Fantasy",0,Plot is unknown at this time.,0.0,Bad
49,Guardians of the Galaxy: Inferno,(2017 Video),"Short,Comedy,Music",4 min,"A Guardians of the Galaxy video, the Guardians Inferno, featuring 80s pop star Zardu Hasselfrau.",8.1,Good
50,Ironheart,-,"Action,Adventure,Drama",0,The genius teenage-girl inventor Riri Williams creates the most advanced suit of armor since Iron Man.,0.0,Bad
51,Armor Wars,-,"Action,Adventure,Drama",0,Find out in this series what would happen if Tony Stark's tech fell into the wrong hands.,0.0,Bad
52,Punisher: War Zone,-2008,"Action,Crime,Drama",103 min,"Frank Castle, known as the Punisher, ruthlessly demolishes organized crime, but it starts an even bigger war.",5.9,Bad
53,Ant-Man and the Wasp: Quantumania,-2023,"Action,Adventure,Comedy",0,The further adventures of Ant-Man and the Wasp.,0.0,Bad
54,I Am Groot,,"Action,Adventure,Comedy",0,A series of shorts featuring the seedling Groot along with several new and unusual characters.,0.0,Bad
55,Marvel Studios: Legends,(2021– ),"Action,Fantasy,Sci-Fi",7 min,This series showcases individual characters from the MCU viewers have come to know and love over the years and revisit some of their most iconic moments.,6.5,Bad
56,Mutant X,(2001–2004),"Action,Adventure,Drama",60 min,"A fugitive geneticist and four of his ""creations"" search for others of their kind while attempting to stay a step ahead of a morally ambiguous government agent.",5.9,Bad
57,Captain America 4,,"Action,Adventure,Sci-Fi",0,Plot kept under wraps. Fourth film in the Captain America franchise.,0.0,Bad
58,Marvel Studios: Assembled,(2021– ),Documentary,58 min,"Assembled is a comprehensive documentary series that chronicles the creation of Marvel Studios' thrilling new shows and theatrical releases. Assembled is an immersive, and in-depth examination of the next phase of the MCU.",8.0,Good
59,The Guardians of the Galaxy Holiday Special,(2022 TV Special),"Action,Adventure,Comedy",0,"Watch the Guardians Star-Lord, Gamora, Drax, Rocket, and Groot engage in some spirited shenanigans in an all-new original special created for Disney+.",0.0,Bad
60,X-Men,-2011,"Animation,Action,Sci-Fi",0,"X-Men, still grieving over the death of Phoenix (Jean Grey), are investigating a case of a missing mutant girl in Northern Japan. This leads them to a mysterious virus that turns mutants into monsters. U-Men and the Inner Circle want it.",6.9,Bad
61,Iron Man: Armored Adventures,(2008–2012),"Animation,Action,Adventure",22 min,A teenage Tony Stark battles evil with his revolutionary power armor technology.,6.5,Bad
62,Marvel One-Shot: Agent Carter,(2013 Video),"Short,Action,Adventure",15 min,"Frustrated at being marginalized at work, Peggy Carter goes on an unauthorized solo field mission.",7.6,Good
63,Team Thor,(2016 Video),"Short,Comedy,Fantasy",4 min,"The story of what the hammer-wielding Nordic god Thor was up to while the rest of the Avengers were battling each other in ""Captain America: Civil War"". He moves into a flat with office worker Darryl Jacobson in Australia.",8.1,Good
64,The Oscars,(2014 TV Special),"Comedy,Music",175 min,The Academy of Motion Picture Arts and Sciences celebrates the previous year's (2013) achievements in film.,7.8,Good
65,Hulk Vs.,(2009 Video),"Animation,Action,Adventure",82 min,Two stories featuring Marvel's anti-hero The Incredible Hulk and his encounters with the X-Man Wolverine and the god known as Thor.,7.0,Good
66,Wolverine,(2011– ),"Animation,Action,Sci-Fi",23 min,"Logan is asked by his old friend, a cop from Japan, to help him take down Shingen Yashida's crime syndicate and save Mariko, Logan's lost love, from forced marriage arranged by her father Shingen. Yukio, a female assassin, helps him.",6.4,Bad
67,The Oscars,(2020 TV Special),Music,170 min,The 92nd Academy Awards for film achievements in 2019 are presented by the Academy of Motion Picture Arts and Sciences.,6.6,Bad
68,Avengers: Damage Control,(2019 Video Game),Action,0,"Join Shuri on an adventure where you are the hero. Combining Wakandan and stark technology you will become a superhero yourself. Fight along Doctor Strange, Ant-Man, The Wasp and many more against an old foe from long ago..",6.6,Bad
69,The Sinister Six,,Sci-Fi,0,Plot unknown. Feature film based on the Marvel Comics series about a team of supervillians.,0.0,Bad
70,Ultimate Avengers: The film,(2006 Video),"Animation,Action,Adventure",72 min,"To confront an alien menace, General Fury assembles a team of superheroes lead by a recently resuscitated Captain America.",6.7,Bad
71,The Oscars,(2016 TV Special),"Comedy,Music",175 min,The 88th Academy Awards ceremony honors achievement in film in 2015.,6.4,Bad
72,The Oscars,(2015 TV Special),"Comedy,Music",223 min,The Academy of Motion Picture Arts and Sciences celebrates the year's achievements in film.,6.6,Bad
73,Iron Man,-2010,"Animation,Action,Sci-Fi",25 min,"When Tony Stark branches his company into Japan, he is opposed by the nefarious Zodiac organization. It's up to Stark's Iron Man to defeat the Zodiac, and defend Japan.",6.4,Bad
74,Marvel One-Shot: Item 47,(2012 Video),"Short,Action,Sci-Fi",12 min,SHIELD agent Sitwell is assigned to recover an abandoned Chitauri weapon being used by a young couple robbing a bank.,6.7,Bad
75,Marvel One-Shot: The Consultant,(2011 Video),"Short,Sci-Fi",4 min,"Agents Coulson and Sitwell plan to derail General Thaddeus ""Thunderbolt"" Ross from interfering with S.H.I.E.L.D. affairs with a very special person.",6.6,Bad
76,The Invincible Iron Man,(2007 Video),"Animation,Action,Adventure",83 min,"When a cocky industrialist's efforts to raise an ancient Chinese temple leads him to be seriously wounded and captured by enemy forces, he must use his ideas for a revolutionary power armor in order to fight back as a superhero.",5.9,Bad
77,Blade,-2011,"Animation,Action,Horror",25 min,"Legendary half-vampire, half-human vampire hunter Blade is tracking Deacon Frost, a very powerful and influential vampire who killed his mother and who heads Existence, a secretive vampire organization that operates in Southeast Asia.",6.5,Bad
78,Iron Man,(2008 Video Game),"Action,Adventure,Sci-Fi",0,"Tony Stark, gets kidnapped and forced to build a devastating weapon. Instead, he builds a high-tech suit of armor and escapes captivity. When he uncovers a nefarious plot with global implications, he vows to protect the world as Iron Man.",6.9,Bad
79,Thor: Tales of Asgard,(2011 Video),"Animation,Action,Adventure",77 min,The young Norse god Thor embarks on a quest with his brother Loki to find and recover a legendary sword.,6.3,Bad
80,The Oscars,(2018 TV Special),"Comedy,Music",187 min,"The 90th Annual Academy Awards ceremony, hosted by Jimmy Kimmel, celebrates the film industry's biggest achievements for the year 2017.",5.7,Bad
81,The Oscars,(2017 TV Special),"Comedy,Music",229 min,"The 89th Annual Academy Awards ceremony celebrates the film industry's best and biggest in cinema for the year 2016 with host Jimmy Kimmel, including awards for best actors, directors, songs, original screenplays and motion picture.",6.7,Bad
82,Iron Man 2,(2010 Video Game),"Action,Adventure,Crime",0,Video game based upon the film of the same name.,6.2,Bad
83,Echo,(II),"Action,Adventure,Crime",0,Plot Unknown.,0.0,Bad
84,Iron Man and Captain America: Heroes United,(2014 Video),"Animation,Action,Adventure",71 min,"Iron Man and Captain America battle to keep the Red Skull and his triggerman, Taskmaster, from unleashing an army of Hydra Brutes on the world.",5.5,Bad
85,Untitled Wakanda Project,,"Action,Adventure,Sci-Fi",0,Plot under wraps.,0.0,Bad
86,Iron Man & Hulk: Heroes United,(2013 Video),"Animation,Action,Adventure",71 min,The Invincible Iron Man and the Incredible Hulk must join forces to save the Earth from its greatest threat yet.,4.7,Bad
87,Lego Marvel Avengers: Climate Conundrum,(2020– ),Animation,30 min,"When Tony Stark's new weather machine is stolen by AIM, it's up to Black Widow and Hawkeye to retrieve it, taking them on a high-speed chase through New York City.",7.3,Good
88,Marvel Studios: Expanding the Universe,-2019,"Documentary,Short",12 min,"An exciting look into the future of Marvel Studios, including never-before-seen footage featuring tales and filmmakers from upcoming Disney+ series.",6.8,Bad
89,Marvel Studios: Assembling a Universe,(2014 TV film),"Documentary,History",43 min,"A look at the story behind Marvel Studios and the Marvel Cinematic Universe, featuring interviews and behind-the-scenes footage from all of the Marvel films, the Marvel One-Shots and ""Marvel's Agents of S.H.I.E.L.D.""",7.4,Good
90,Stuntwomen: The Untold Hollywood Story,-2020,Documentary,84 min,An action-documentary about the evolution of stunt women from The Perils of Pauline (1914) and beyond.,7.0,Good
91,Untitled Marvel Cinematic Universe Television Show,,Action,0,Plot kept under wraps.,0.0,Bad
92,Spider-Man Venom Saga,-2005,Animation,100 min,A story arc from the 1994 animated series Spider-Man that focused on Venom.,7.7,Good
93,Spider-Man: The Ultimate Villain Showdown,(2002 Video),"Animation,Action,Adventure",79 min,"Featuring Green Goblin, Kingpin, and Dr. Octopus.",7.0,Good
94,2016 MTV film Awards,(2016 TV Special),"Comedy,News",0,"In a world of award shows that suck, MTV gives you an award show that doesn't suck. Kevin Hart and Dwayne ""The Rock"" Johnson host the 2016 MTV film Awards, an irreverent, in-your-face celebration of the films fans really love with the stars they actually care about. And unlike other award shows, the fans choose the winners, not some exclusive committee of old, rich people. The show includes ...                See full summary »",5.2,Bad
95,Avengers S.T.A.T.I.O.N.,(2014 Video),Sci-Fi,0,a Plot,7.4,Good
96,Marvel 75 Years: From Pulp to Pop!,(2014 TV film),"Documentary,History",42 min,Emily Vancamp hosts this one of a kind experience showing the history and development of Marvel from the first comic book to the latest blockbuster hit.,7.2,Good
101,Prodigal,(III) (2011),"Short,Sci-Fi",25 min,"A father seeks redemption by rescuing his daughter, a PRODIGAL, from two organizations hell-bent on acquiring her ""special"" abilities.",6.9,Bad
102,The Infinite Six,(2015 Video),Short,7 min,"This short explains the six infinity stones that are at the heart of the Marvel cinematic universe. ""Age of Ultron"" executive producer Jeremy Latcham talks about how the stones were adapted from the comics to film.",5.6,Bad
103,Iron Man 3: The Prologue,-2013,"Short,Action",0,a Plot,6.2,Bad
104,Captain America: Civil War Save a Hero Campaign,(2016 Video),Short,0,a Plot,6.0,Bad
105,Jack Kirby: Story Teller,(2007 Video),Documentary,64 min,"The life of Jack Kirby as a comic book artist, from his humble beginnings to being the King of Comics.",6.5,Bad
106,19th Annual Critics' Choice film Awards,(2014 TV Special),,120 min,a Plot,6.2,Bad
107,Mutant X,(2001–2004),"Action,Adventure,Drama",42 min,"Mutant X encounters a new faction of New Mutants - the Strand, led by the powerful first mutant, Gabriel Ashlocke.",7.1,Good
108,Mutant X,(2001–2004),"Action,Adventure,Drama",43 min,Mutant X tracks down a rogue scientist while Shalimar breaks away from the team to help Adam save the scientist and uncover the real bad guy.,5.6,Bad
109,Mutant X,(2001–2004),"Action,Adventure,Drama",43 min,Mutant X unearths an old military experiment involving an age-reversal serum and is surprised to discover that Jesse's grandfather is a one of the test subjects.,5.4,Bad
110,Mutant X,(2001–2004),"Action,Adventure,Drama",42 min,"A young New Mutant from Adam's past shows up, seeking revenge for her father's death.",6.8,Bad
111,Mutant X,(2001–2004),"Action,Adventure,Drama",43 min,"As the Mutant X team fights to retrieve a formula hidden in a collection of artwork, Shalimar is given vital information from a mysterious source.",6.1,Bad
112,Mutant X,(2001–2004),"Action,Adventure,Drama",43 min,The team face their most dangerous mission yet when they set out to stop a group of eco-terrorists.,6.4,Bad
113,Mutant X,(2001–2004),"Action,Adventure,Drama",42 min,"Jesse is roped into a deadly undercover mission by his estranged father, who is working against Eckhart.",6.5,Bad
114,Mutant X,(2001–2004),"Action,Adventure,Drama",42 min,"A mutant who was disembodied takes over the bodies of various people. And sets out to go after the ones who did this to him. And one of them is a doctor, Shalamar likes.",6.2,Bad
115,Mutant X,(2001–2004),"Action,Adventure,Drama",43 min,The Mutant X team learns about Lexa's estranged twin brother when he becomes the main target of an underground operation harvesting mutant organs.,5.9,Bad
116,Mutant X,(2001–2004),"Action,Adventure,Drama",43 min,"Lexa's suspicions lead Mutant X to unveil a traveling death camp, which is posed as a circus for mutant refugees and Mutant X's enemy within the Dominion.",6.1,Bad
117,Mutant X,(2001–2004),"Action,Adventure,Drama",43 min,"While Brennan and Shalimar investigate a mysterious plane crash, Lexa contemplates her future with the Mutant X team.",5.4,Bad
118,Mutant X,(2001–2004),"Action,Adventure,Drama",42 min,"A boy who's developing new mutant abilities has been kidnapped. The team tries to find him, for his mother. They later learn she was the one who had her son kidnapped. She said it was too ...                See full summary »",6.3,Bad
119,Mutant X,(2001–2004),"Action,Adventure,Drama",42 min,"The team set out to save Brennan, who has become trapped inside an invisible town - and is facing execution for a crime he didn't commit.",6.0,Bad
120,Mutant X,(2001–2004),"Action,Adventure,Drama",43 min,"Mutant X and Genomex are both captured on film using their powers, and they both have to deal with the reporter who plans to go public with the information.",5.9,Bad
121,Mutant X,(2001–2004),"Action,Adventure,Drama",42 min,The team encounters some people trying to break into a Genomex lab and discover that they're ferals. They learn that they're military and that they're entire unit was experimented on which ...                See full summary »,6.5,Bad
122,Mutant X,(2001–2004),"Action,Adventure,Drama",43 min,The team tries to stop Eckhart from acquiring a rare element. But a thief gets it. The woman who has the ability to make men fall in love with her sets her sights on Brennan. She makes him ...                See full summary »,6.5,Bad
123,Mutant X,(2001–2004),"Action,Adventure,Drama",43 min,Brennan is forced to return to his criminal past when Mutant X discovers that his old partner is involved in stealing secrets from the Dominion.,6.1,Bad
124,Mutant X,(2001–2004),"Action,Adventure,Drama",42 min,"An old friend of Brennan's lures him and Emma into a trap - Emma ends up split into two separate entities, one good and one evil.",6.3,Bad
125,Mutant X,(2001–2004),"Action,Adventure,Drama",43 min,Mutant X must stop a scientist from cloning women for use as slaves in his ultra-exclusive men's club.,5.7,Bad
126,Mutant X,(2001–2004),"Action,Adventure,Drama",43 min,Shalimar's former boyfriend shows up and is trying to recover a Faberge Egg that holds a microchip of extraordinary power.,6.1,Bad
127,Mutant X,(2001–2004),"Action,Adventure,Drama",43 min,"A mysterious tribunal finds Adam guilty of trying to dominate the world with his super-mutants and sentences him to death, sparking the rest of the team into life as they set out on a mission to save him.",5.7,Bad
128,Mutant X,(2001–2004),"Action,Adventure,Drama",42 min,"Shalimar becomes close to another feral when it's ""lust at first sight,"" but matters become complicated when her new boyfriend tries to find a cure for his condition.",6.4,Bad
129,Mutant X,(2001–2004),"Action,Adventure,Drama",43 min,The team go undercover to investigate unexplained deaths in a prison.,6.4,Bad
130,Mutant X,(2001–2004),"Action,Adventure,Drama",42 min,"Brennan is captured and falls under Eckhart's control, and forced to work against the New Mutants.",6.3,Bad
131,Mutant X,(2001–2004),"Action,Adventure,Drama",43 min,"When Jesse's life hangs in the balance, Brennan must connect to him and lead him through past memories they've shared in order to save his life.",6.5,Bad
132,Mutant X,(2001–2004),"Action,Adventure,Drama",42 min,"Jesse falls in love with a computer hacker, who Eckhart wants to ""procure"" to use to corrupt the public computer news channels against New Mutants and to the GSA's benefit.",6.1,Bad
133,Mutant X,(2001–2004),"Action,Adventure,Drama",43 min,"The team are on the trail of a pyromaniac mutant who is causing mayhem, and Shalimar is forced to set aside her fear of fire to save Emma",6.4,Bad
134,Mutant X,(2001–2004),"Action,Adventure,Drama",42 min,"Emma reunites with an old friend who possesses telecyber powers. The reunion turns dangerous, however, when Michelle tries to turn Emma over to the GSA.",4.0,Bad
135,Mutant X,(2001–2004),"Action,Adventure,Drama",43 min,"In the exciting season opener, the surviving members of Mutant X emerge from a deadly explosion to meet the beautiful and mysterious Lexa, who makes them begin to question fundamental assumptions about their world.",6.7,Bad
136,Mutant X,(2001–2004),"Action,Adventure,Drama",42 min,A New Mutant is kidnapped from his family and Mutant X set out to recover him and find out what Eckhart's interest in him is.,6.4,Bad
137,Mutant X,(2001–2004),"Action,Adventure,Drama",42 min,The team encounters a mutant who kills other mutants by draining their energy. And can also come back to life after being killed. He eventually captures Emma.,6.5,Bad
138,Mutant X,(2001–2004),"Action,Adventure,Drama",43 min,Shalimar reluctantly agrees to contact her estranged father when the team learn his company is involved in genetic testing and manipulation.,5.7,Bad
139,Mutant X,(2001–2004),"Action,Adventure,Drama",42 min,"Eckhart seeks a mutant who can absorb energy, one who Brennan becomes romantically involved with.",6.7,Bad
140,Mutant X,(2001–2004),"Action,Adventure,Drama",43 min,When a plague that only affects mutants is raging. Adam and Eckhart agree to work together to find a cure. And helping Adam is a mutant who is impervious to harm who thinks of it more as a curse rather than a blessing.,6.5,Bad
141,Mutant X,(2001–2004),"Action,Adventure,Drama",43 min,"A mutant who has the ability to inter phase with any computer with his mind, who is paralyzed after an encounter with the team, takes over Sanctuary's computers. Shalimar and Lexa get out, ...                See full summary »",5.6,Bad
142,Mutant X,(2001–2004),"Action,Adventure,Drama",43 min,"A military plane is shot down behind enemy lines, prompting the team to make a desperate bid to recover the secret government weapon that is hidden on board, before innocent lives are threatened.",6.3,Bad
143,Mutant X,(2001–2004),"Action,Adventure,Drama",42 min,A mutant with telepathic abilities who can make people experience mentally anything he wants manages to get into the minds of Mutant X. Now he is making them experience their worse fears. ...                See full summary »,7.1,Good
144,Mutant X,(2001–2004),"Action,Adventure,Drama",43 min,The team step in to protect a main prosecution witness whose life has been threatened prior to the trial.,7.4,Good
145,Mutant X,(2001–2004),"Action,Adventure,Drama",43 min,The team wrestle to contain Brennan's out-of-control mutant powers when he puts the mission to protect a senator's daughter in danger.,7.6,Good
146,Mutant X,(2001–2004),"Action,Adventure,Drama",43 min,"In a desperate attempt to save his own life, Ashlocke revives an ancient Egyptian alchemist who poses a lethal threat to the Mutant X team.",6.8,Bad
147,Mutant X,(2001–2004),"Action,Adventure,Drama",43 min,Brennan and the Mutant X team join forces with a time traveling mutant to defuse a bomb threatening devastating consequences.,6.0,Bad
148,Mutant X,(2001–2004),"Action,Adventure,Drama",43 min,The team struggle to disempower a military colonel who has threatened to unleash a nuclear holocaust.,6.0,Bad
149,Mutant X,(2001–2004),"Action,Adventure,Drama",42 min,Adam is framed for murder by a New Mutant with the ability to steal people's memories.,6.2,Bad
150,Mutant X,(2001–2004),"Action,Adventure,Drama",43 min,Brennan battles with a Guardian of the Prophecy to stop the late mutant Ashlocke's plan from beyond the grave of world domination.,6.0,Bad
151,Mutant X,(2001–2004),"Action,Adventure,Drama",43 min,Shalimar gets into difficulties when the team encounter a Cold War-era mutant with the ability to alter reality and destroy people's minds.,6.0,Bad
152,Mutant X,(2001–2004),"Action,Adventure,Drama",43 min,The team help the crew of an ocean research station threatened by a prehistoric creature - previously thought to be extinct.,6.1,Bad
153,Mutant X,(2001–2004),"Action,Adventure,Drama",43 min,Mutant X comes to the aid of a teenager New Mutant pursued by Russians - she holds the secret to a new weapon that targets mutants.,6.0,Bad
154,Mutant X,(2001–2004),"Action,Adventure,Drama",43 min,The Mutant X team is called in to investigate bizarre activities occurring at a local hospital.,5.6,Bad
155,Mutant X,(2001–2004),"Action,Adventure,Drama",43 min,"Three extraterrestrials who pose a serious threat to humanity target Shalimar, so the team set out to save her from their evil clutches.",6.7,Bad
156,Mutant X,(2001–2004),"Action,Adventure,Drama",43 min,"Many of the mysteries surrounding Mutant X are revealed when Lexa and Jesse are captured by the Dominion and the team, along with Adam, goes in to rescue them.",6.2,Bad
157,Mutant X,(2001–2004),"Action,Adventure,Drama",43 min,The Mutant X team is brought in to help a military base that has become infected with a deadly disease.,5.5,Bad
158,Mutant X,(2001–2004),"Action,Adventure,Drama",43 min,"Ashlocke is desperate to find a cure for his fatal condition, and infiltrates the Sanctuary to blackmail Adam into getting hold of the antidote.",5.9,Bad
159,Mutant X,(2001–2004),"Action,Adventure,Drama",43 min,Brennan's shady ex-girlfriend turns to him for help when her latest scam takes a deadly turn.,6.1,Bad
160,Mutant X,(2001–2004),"Action,Adventure,Drama",43 min,The Mutant X team embarks on a mission to locate and capture a powerful super-mutant who possesses god-like powers.,5.2,Bad
161,Mutant X,(2001–2004),"Action,Adventure,Drama",42 min,"A mutant empath on the run from mysterious government agents is rescued by a team of fellow ""New Mutants"" - the group known as Mutant X.",6.3,Bad
162,Mutant X,(2001–2004),"Action,Adventure,Drama",43 min,"When Lexa is unknowingly drugged with a lethal substance, the team must race to find the antidote before it's too late.",6.1,Bad
163,Mutant X,(2001–2004),"Action,Adventure,Drama",43 min,"Ashlocke goes back in time to try and make himself invincible by giving something to his the younger self. Brennan and Shalimar follow him. Jesse takes the new mutant, who sent them back, ...                See full summary »",6.2,Bad
164,Mutant X,(2001–2004),"Action,Adventure,Drama",43 min,Someone tries to kill Adam but the team saves him. The person who killed him was part of a group of assassins. So Adam sends Shalimar to join them and find out who wants to kill him. She ...                See full summary »,5.5,Bad
165,Mutant X,(2001–2004),"Action,Adventure,Drama",43 min,"While on a job, Shalimar is injured, she is helped by another feral mutant, Nikki, whom she knew, who was almost chosen for the team. While Shalimar recuperates, she offers to fill in. But ...                See full summary »",6.1,Bad
166,Mutant X,(2001–2004),"Action,Adventure,Drama",43 min,The Mutant X team must stop the auction of a highly lethal substance that a number of notorious international terrorists are vying to acquire.,4.9,Bad
167,Mutant X,(2001–2004),"Action,Adventure,Drama",43 min,Jesse is forced to reconnect with his former fiancé when the Mutant X team learns that her company is involved in the genetic manipulation of crops.,6.0,Bad
168,Mutant X,(2001–2004),"Action,Adventure,Drama",43 min,The Mutant X team must stop a serial killer who leaves clues to his next victims in the form of puzzles.,5.0,Bad
169,Mutant X,(2001–2004),"Action,Adventure,Drama",42 min,"A New Mutant with the power of invisibility is working against both Eckhart and Adam, despite the fact she was involved with Adam in the past.",6.8,Bad
170,Mutant X,(2001–2004),"Action,Adventure,Drama",43 min,The team head into the wilderness to track down a killer beast which is targeting hikers.,6.1,Bad
171,Mutant X,(2001–2004),"Action,Adventure,Drama",43 min,Adam's sends them on a mission but doesn't give them much information. They're following a prisoner being transported in a van. Someone stops the van and releases the prisoner. When they ...                See full summary »,6.9,Bad
172,X-Men: Evolution,(2000–2003),"Animation,Action,Drama",22 min,Jean is about to confess her love to Scott when Mystique abducts Scott and abandons him in the desert in Mexico.,7.5,Good
173,X-Men: Evolution,(2000–2003),"Animation,Action,Drama",22 min,"It's Christmas time and a mysterious ""angel"" has been sighted in New York City, saving those in need.",7.5,Good
174,X-Men: Evolution,(2000–2003),"Animation,Action,Drama",22 min,"Spyke joins a skateboarding contest sponsored by ""Pow-R 8"" soda.",6.9,Bad
175,Mutant X,(2001–2004),"Action,Adventure,Drama",43 min,"Discovering that their teammate Lexa is the subject of a covert experiment that is controlling her, the Mutant X team hunts for the doctor responsible.",5.6,Bad
260,Jessica Jones,(2015–2019),"Action,Crime,Drama",52 min,"Jessica Jones is hired to find an NYU student athlete who's vanished, but it turns out to be more than a simple missing persons case.",8.0,Good
387,Agents of S.H.I.E.L.D.,(2013–2020),"Action,Adventure,Drama",43 min,The final fight against the Chronicoms begins. A familiar face returns.,9.5,Very Good
388,WandaVision,-2021,"Action,Comedy,Drama",30 min,Wanda and Vision struggle to conceal their powers during dinner with Vision's boss and his wife.,7.5,Good
389,Wonder Woman 1984,-2020,"Action,Adventure,Fantasy",151 min,"Diana must contend with a work colleague and businessman, whose desire for extreme wealth sends the world down a path of destruction, after an ancient artifact that grants wishes goes missing.",5.4,Bad
390,The Suicide Squad,-2021,"Action,Adventure,Comedy",0,"Supervillains Harley Quinn, Bloodsport, Peacemaker and a collection of nutty cons at Belle Reve prison join the super-secret, super-shady Task Force X as they are dropped off at the remote, enemy-infused island of Corto Maltese.",0.0,Bad
391,The Batman,-2022,"Action,Crime,Drama",0,The plot is unknown.,0.0,Bad
392,Joker,-2019,"Crime,Drama,Thriller",122 min,"In Gotham City, mentally troubled comedian Arthur Fleck is disregarded and mistreated by society. He then embarks on a downward spiral of revolution and bloody crime. This path brings him face-to-face with his alter-ego: the Joker.",8.4,Good
393,Arrow,(2012–2020),"Action,Adventure,Crime",42 min,"Spoiled billionaire playboy Oliver Queen is missing and presumed dead when his yacht is lost at sea. He returns five years later a changed man, determined to clean up the city as a hooded vigilante armed with a bow.",7.5,Good
394,The Dark Knight,-2008,"Action,Crime,Drama",152 min,"When the menace known as the Joker wreaks havoc and chaos on the people of Gotham, Batman must accept one of the greatest psychological and physical tests of his ability to fight injustice.",9.0,Very Good
395,Watchmen,-2009,"Action,Drama,Mystery",162 min,"In 1985 where former superheroes exist, the murder of a colleague sends active vigilante Rorschach into his own sprawling investigation, uncovering something that could completely change the course of history as we know it.",7.6,Good
396,Gotham,(2014–2019),"Action,Crime,Drama",42 min,The story behind Detective James Gordon's rise to prominence in Gotham City in the years before Batman's arrival.,7.8,Good
397,Smallville,(2001–2011),"Adventure,Drama,Romance",60 min,"A young Clark Kent struggles to find his place in the world as he learns to harness his alien powers for good and deals with the typical troubles of teenage life in Smallville, Kansas.",7.5,Good
398,Suicide Squad,-2016,"Action,Adventure,Fantasy",123 min,A secret government agency recruits some of the most dangerous incarcerated super-villains to form a defensive task force. Their first mission: save the world from the apocalypse.,5.9,Bad
399,The Dark Knight Rises,-2012,"Action,Adventure",164 min,"Eight years after the Joker's reign of anarchy, Batman, with the help of the enigmatic Catwoman, is forced from his exile to save Gotham City from the brutal guerrilla terrorist Bane.",8.4,Good
400,Doom Patrol,(2019–2023),"Action,Adventure,Comedy",60 min,The adventures of an idealistic mad scientist and his field team of superpowered outcasts.,7.9,Good
401,Aquaman,-2018,"Action,Adventure,Fantasy",143 min,"Arthur Curry, the human-born heir to the underwater kingdom of Atlantis, goes on a quest to prevent a war between the worlds of ocean and land.",6.9,Bad
402,The Sandman,(2021– ),"Action,Adventure,Drama",0,"Upon escaping after decades of imprisonment by a mortal wizard, Dream, the personification of dreams, sets about to reclaim his lost equipment.",0.0,Bad
403,Watchmen,-2019,"Action,Drama,Mystery",527 min,"Set in an alternate history where masked vigilantes are treated as outlaws, Watchmen embraces the nostalgia of the original groundbreaking graphic novel of the same name, while attempting to break new ground of its own.",8.2,Good
404,Man of Steel,-2013,"Action,Adventure,Sci-Fi",143 min,"An alien child is evacuated from his dying world and sent to Earth to live among humans. His peace is threatened, when other survivors of his home planet invade Earth.",7.0,Good
405,Shazam!,-2019,"Action,Adventure,Comedy",132 min,A newly fostered young boy in search of his mother instead finds unexpected super powers and soon gains a powerful enemy.,7.0,Good
406,Batman v Superman: Dawn of Justice,-2016,"Action,Adventure,Sci-Fi",152 min,"Fearing that the actions of Superman are left unchecked, Batman takes on the Man of Steel, while the world wrestles with what kind of a hero it really needs.",6.4,Bad
407,Catch Me If You Can,-2002,"Biography,Crime,Drama",141 min,"Barely 21 yet, Frank is a skilled forger who has passed as a doctor, lawyer and pilot. FBI agent Carl becomes obsessed with tracking down the con man, who only revels in the pursuit.",8.1,Good
408,Batman Begins,-2005,"Action,Adventure",140 min,"After training with his mentor, Batman begins his fight to free crime-ridden Gotham City from corruption.",8.2,Good
409,The Sandman,(2020– ),"Drama,Fantasy,Horror",0,"When The Sandman is pulled from his realm and imprisoned on Earth, he languishes for decades before finally escaping.",9.5,Very Good
410,V for Vendetta,-2005,"Action,Drama,Sci-Fi",132 min,"In a future British tyranny, a shadowy freedom fighter, known only by the alias of ""V"", plots to overthrow it with the help of a young woman.",8.1,Good
411,Batman,-1989,"Action,Adventure",126 min,"The Dark Knight of Gotham City begins his war on crime with his first major enemy being Jack Napier, a criminal who becomes the clownishly homicidal Joker.",7.5,Good
412,I Am Legend,-2007,"Action,Adventure,Drama",101 min,"Years after a plague kills most of humanity and transforms the rest into monsters, the sole survivor in New York City struggles valiantly to find a cure.",7.2,Good
413,Batman: The Animated Series,(1992–1995),"Animation,Action,Adventure",23 min,The Dark Knight battles crime in Gotham City with occasional help from Robin and Batgirl.,9.0,Very Good
414,The Flash,-2022,"Action,Adventure,Fantasy",0,"The plot is unknown. Feature film based on the comic book superhero, The Flash.",0.0,Bad
415,Batman & Robin,-1997,"Action,Sci-Fi",125 min,Batman and Robin try to keep their relationship together even as they must stop Mr. Freeze and Poison Ivy from freezing Gotham City.,3.8,Bad
416,Constantine,-2005,"Action,Fantasy,Horror",121 min,"Supernatural exorcist and demonologist John Constantine helps a policewoman prove her sister's death was not a suicide, but something more.",7.0,Good
417,Batman Forever,-1995,"Action,Adventure",121 min,"Batman must battle former district attorney Harvey Dent, who is now Two-Face and Edward Nygma, The Riddler with help from an amorous psychologist and a young circus acrobat who becomes his sidekick, Robin.",5.4,Bad
418,Superman,-1978,"Action,Adventure,Drama",143 min,"An alien orphan is sent from his dying planet to Earth, where he grows up to become his adoptive home's first and greatest superhero.",7.3,Good
419,Justice Society: World War II,-2021,"Animation,Action,Adventure",84 min,"The Justice Society of America, a group of heroes aiding the allies in World War 2, acquire an ally from the future who sends them on an adventure that changes history.",6.4,Bad
420,Young Justice,(2010– ),"Animation,Action,Adventure",23 min,Teenage superheroes strive to prove themselves as members of the Justice League.,8.6,Very Good
421,Green Lantern,-2011,"Action,Adventure,Sci-Fi",114 min,"Reckless test pilot Hal Jordan is granted an alien ring that bestows him with otherworldly powers that inducts him into an intergalactic police force, the Green Lantern Corps.",5.5,Bad
422,"Batman: The Long Halloween, Part One",(2021 Video),"Animation,Action,Crime",0,Batman investigates a murder spree that takes place on holidays.,0.0,Bad
423,Batman Returns,-1992,"Action,Crime,Fantasy",126 min,"While Batman deals with a deformed man calling himself the Penguin wreaking havoc across Gotham with the help of a cruel businessman, a female employee of the latter becomes the Catwoman with her own vendetta.",7.0,Good
424,The Karate Kid,-2010,"Action,Drama,Family",140 min,"Work causes a single mother to move to China with her young son; in his new home, the boy embraces kung fu, taught to him by a master.",6.2,Bad
425,Supergirl,-1984,"Action,Adventure,Fantasy",124 min,"After losing a powerful orb, Kara Zor-El, Superman's cousin, comes to Earth to retrieve it and instead finds herself up against a wicked witch.",4.4,Bad
426,The Iron Giant,-1999,"Animation,Action,Adventure",86 min,A young boy befriends a giant robot from outer space that a paranoid government agent wants to destroy.,8.0,Good
427,Superman Returns,-2006,"Action,Sci-Fi",154 min,"Superman returns to Earth after spending five years in space examining his homeworld Krypton. But he finds things have changed while he was gone, and he must once again prove himself important to the world.",6.0,Bad
428,Teen Titans,(2003–2006),"Animation,Action,Adventure",23 min,A team of five teenaged superheroes save the world from many villains around their city while experiencing things normal teens face today.,7.9,Good
429,Clerks,-1994,Comedy,92 min,"A day in the lives of two convenience clerks named Dante and Randal as they annoy customers, discuss films, and play hockey on the store roof.",7.7,Good
430,Krypton,(2018–2019),"Action,Adventure,Drama",45 min,The untold story of Superman's grandfather as he fights for justice on his home planet.,6.9,Bad
431,Daddy Day Care,-2003,"Comedy,Family",92 min,"Two men, Charlie Hinton (Eddie Murphy) and Phil Ryerson (Jeff Garlin), get laid off and have to become stay-at-home dads when they can't find jobs. This inspires them to open their own day-care center.",5.6,Bad
432,Superman III,-1983,"Action,Adventure,Comedy",125 min,Synthetic kryptonite laced with tar splits Superman in two: good Clark Kent and bad Man of Steel.,5.0,Bad
433,Constantine,(2014–2015),"Crime,Drama,Fantasy",43 min,A man struggling with his faith who is haunted by the sins of his past is suddenly thrust into the role of defending humanity from the gathering forces of darkness.,7.5,Good
434,Justice League Unlimited,(2004–2006),"Animation,Action,Adventure",23 min,A continuation of the Justice League animated series finds the original members of the team joined in their battle against crime and evil by dozens of other heroes from the DC comics universe.,8.7,Very Good
435,Superman II,-1980,"Action,Adventure,Sci-Fi",127 min,"Superman agrees to sacrifice his powers to start a relationship with Lois Lane, unaware that three Kryptonian criminals he inadvertently released are conquering Earth.",6.8,Bad
436,Justice League,(2001–2004),"Animation,Action,Adventure",22 min,Seven of the most formidable heroes form arguably the most powerful team ever.,8.5,Very Good
437,Catwoman,-2004,"Action,Crime,Fantasy",104 min,"A shy woman, endowed with the speed, reflexes, and senses of a cat, walks a thin line between criminal and hero, even as a detective doggedly pursues her, fascinated by both of her personas.",3.4,Bad
438,Justice League Part Two,,"Action,Sci-Fi",0,The plot is unknown.,0.0,Bad
439,Batman Beyond,(1999–2001),"Animation,Action,Adventure",23 min,"Fuelled by remorse and vengeance, a high schooler named Terry McGinnis revives the role of Batman. Under supervision of an elderly Bruce Wayne, he fights crime in a harsh, futuristic Gotham.",8.1,Good
440,Adventures of Superman,(1952–1958),"Action,Adventure,Crime",30 min,The Man of Steel fights crime with help from his friends at the Daily Planet.,7.7,Good
441,Trick 'r Treat,-2007,"Comedy,Horror",82 min,"Five interwoven stories that occur on Halloween: An everyday high school principal has a secret life as a serial killer; a college virgin might have just met the guy for her; a group of teenagers pull a mean prank; a woman who loathes the night has to contend with her holiday-obsessed husband; and a mean old man meets his match with a demonic, supernatural trick-or-treater.",6.8,Bad
442,Batman: Soul of the Dragon,-2021,"Animation,Action,Adventure",83 min,"In the 1970s, a missing teacher of martial arts is the subject of a quest by his devoted and brilliant but distant students, who include Batman.",6.1,Bad
443,Justice League: The Flashpoint Paradox,(2013 Video),"Animation,Action,Adventure",75 min,The Flash finds himself in a war torn alternate timeline and teams up with alternate versions of his fellow heroes to return home and restore the timeline.,8.1,Good
444,Agent Cody Banks,-2003,"Action,Adventure,Comedy",102 min,A government agent trains Cody Banks in the ways of covert operations that require younger participants.,5.1,Bad
445,The New Batman Adventures,(1997–1999),"Animation,Action,Adventure",30 min,"The further and darker adventures of Batman with a new Robin, a closer association with Batgirl and the previous Robin now as Nightwing.",8.5,Very Good
446,Superman: The Animated Series,(1996–2000),"Animation,Action,Adventure",30 min,The last son of the planet Krypton protects his adoptive home of Earth as the greatest of the superheroes.,8.1,Good
447,The Batman,(2004–2008),"Animation,Action,Adventure",30 min,Billionaire Bruce Wayne fights crime and evil as the mysterious Batman.,7.3,Good
448,Looney Tunes: Back in Action,-2003,"Animation,Action,Adventure",91 min,The Looney Tunes search for a man's missing father and the mythical Blue Monkey diamond.,5.7,Bad
449,Swamp Thing,-1982,"Horror,Sci-Fi",91 min,"After a violent incident with a special chemical, a research scientist is turned into a swamp plant monster.",5.4,Bad
450,Batman Ninja,-2018,"Animation,Action,Sci-Fi",85 min,"Batman, along with a number of his allies and adversaries, finds himself transplanted from modern Gotham City to feudal Japan.",5.6,Bad
451,Batman: Gotham Knight,(2008 Video),"Animation,Action,Crime",75 min,A collection of key events mark Bruce Wayne's life as he journeys from beginner to Dark Knight.,6.7,Bad
452,Batman: Bad Blood,(2016 Video),"Animation,Action,Adventure",72 min,"Bruce Wayne is missing. Alfred covers for him while Nightwing and Robin patrol Gotham City in his stead. And a new player, Batwoman, investigates Batman's disappearance.",6.8,Bad
453,Fred Claus,-2007,"Comedy,Family,Fantasy",116 min,"Fred Claus, Santa's bitter older brother, is forced to move to the North Pole to help Santa and the elves prepare for Christmas in exchange for cash.",5.6,Bad
454,Batman: Arkham Asylum,(2009 Video Game),"Action,Adventure,Crime",0,You control Batman as he fights to subdue The Joker and his fellow inmates when they seize control of the Asylum on Arkham Island.,9.2,Very Good
455,Justice League: War,(2014 Video),"Animation,Action,Adventure",79 min,The world's finest heroes found the Justice League in order to stop an alien invasion of Earth.,7.2,Good
456,Wonder Woman,(2009 Video),"Animation,Action,Adventure",74 min,A modern man's trespass of the island of the Amazons enables an imprisoned war god to escape and Princess Diana wins the responsibility to recapture him.,7.3,Good
457,Justice League vs. Teen Titans,(2016 Video),"Animation,Action,Adventure",78 min,Robin is sent to work with the Teen Titans after his volatile behavior botches a Justice League mission. The Titans must then face Trigon after he possesses the League and threatens to conquer the world.,7.0,Good
458,Constantine: City of Demons,(2018–2019),"Animation,Short,Fantasy",6 min,An animated series centering on the adventures of supernatural detective John Constantine.,7.6,Good
459,Batman Beyond: Return of the Joker,(2000 Video),"Animation,Action,Crime",76 min,"The Joker is back with a vengeance, and Gotham's newest Dark Knight needs answers as he stands alone to face Gotham's most infamous Clown Prince of Crime.",7.8,Good
460,Green Lantern Corps,,"Action,Adventure,Sci-Fi",0,"A group of humans join the Green Lantern Corps, an alien interstellar police force that protects the universe.",0.0,Bad
461,Gotham City Sirens,,"Action,Adventure,Comedy",0,Following three of Gotham City's most notorious female criminals on one of their most dangerous missions yet.,0.0,Bad
462,Deadshot,,"Action,Adventure,Comedy",0,Following hired assassin Floyd Lawton also known as Deadshot.,0.0,Bad
463,Batman vs. Robin,(2015 Video),"Animation,Action,Adventure",80 min,"While Damian Wayne struggles to cope with Batman's no-killing rule, he soon starts to believe that his destiny lies within a secret society known as, The Court of Owls.",7.1,Good
464,Superman: Doomsday,(2007 Video),"Animation,Action,Adventure",75 min,"When LexCorps accidentally unleash a murderous creature, Doomsday, Superman meets his greatest challenge as a champion. Based on the ""The Death of Superman"" storyline that appeared in DC Comics' publications in the 1990s.",7.0,Good
465,Justice League: Throne of Atlantis,(2015 Video),"Animation,Action,Adventure",72 min,"When Atlantian troops assault Metropolis as revenge for the death of their king, the Queen seeks help from the Justice League to find her son who has gone missing during the madness.",6.7,Bad
466,Superman/Batman: Public Enemies,(2009 Video),"Animation,Action,Drama",67 min,"When Lex Luthor gets elected US President, he uses the threat of an oncoming kryptonite meteor striking Earth as a rationale to frame Superman.",7.2,Good
467,Batman Begins,(2005 Video Game),"Action,Adventure,Crime",0,"You play as Batman and unleash your terror into the hearts of criminals, battling against foes such as Dr. Jonathan Crane/The Scarecrow, Ra's al Ghul, and Carmine ""The Roman"" Falcone.",8.2,Good
468,Tales of the Black Freighter,(2009 Video),"Animation,Short,Action",26 min,"A mariner survives an attack from the dreaded pirates of the Black Freighter, but his struggle to return home to warn it has a horrific cost.",7.1,Good
469,DC Showcase: Kamandi: The Last Boy on Earth!,-2021,"Animation,Short,Action",18 min,"Kamandi and his friends Prince Tuftan of the Tiger Kingdom and humanoid mutant Ben Boxer are kidnapped by a gorilla cult dedicated to finding the reincarnation of their god, The Mighty One.",7.3,Good
470,Batman & Mr. Freeze: SubZero,(1998 Video),"Animation,Action,Crime",70 min,"When Mr. Freeze, desperate to save his dying wife, kidnaps Barbara Gordon (Batgirl) as an involuntary organ donor, Batman and Robin must find her before the operation can begin.",7.2,Good
471,Being Flynn,-2012,Drama,102 min,"Working in a Boston homeless shelter, Nick Flynn re-encounters his father, a con man and self-proclaimed poet. Sensing trouble in his own life, Nick wrestles with the notion of reaching out yet again to his dad.",6.4,Bad
472,Krypto the Superdog,(2005–2006),"Animation,Action,Comedy",30 min,The adventures of the Kryptonian superhero dog and his friends.,5.7,Bad
473,Deathstroke,,"Action,Adventure,Crime",0,The film is based on the popular character from DC Comics.,0.0,Bad
474,Untitled Joker/Harley Quinn Project,,"Action,Adventure,Crime",0,A criminal love story between Harley Quinn and the Joker.,0.0,Bad
475,The Batman vs. Dracula,(2005 Video),"Animation,Action,Horror",83 min,"Batman faces off against the original creature of the night, Count Dracula, who has been unintentionally resurrected by the Penguin.",6.6,Bad
476,Blankman,-1994,"Action,Comedy,Crime",92 min,A simpleton inventor becomes a superhero with a bulletproof costume and a low budget.,5.0,Bad
477,Batman: The Telltale Series,(2016 Video Game),"Action,Crime,Sci-Fi",0,"Follows Bruce Wayne as he tries to juggle being the Billionaire and owner of Wayne Enterprises, with the masked vigilante Batman.",8.1,Good
478,DC Super Hero Girls,(2015–2018),"Animation,Short,Action",3 min,"At Super Hero High, iconic super heroes like Wonder Woman, Supergirl, Batgirl, Harley Quinn, Bumblebee, Poison Ivy, and Katana navigate all the twists and turns of high school.",6.0,Bad
479,Green Lantern: First Flight,(2009 Video),"Animation,Action,Adventure",77 min,"Test pilot Hal Jordan finds himself recruited as the newest member of the intergalactic police force, The Green Lantern Corps.",7.1,Good
480,Teen Titans: Trouble in Tokyo,(2006 TV film),"Animation,Action,Adventure",75 min,"After a battle with a high-tech villain named, Saiko-Tek, the Teen Titans travel to the city of Tokyo where they find themselves embroiled in a conflict with an ancient enemy.",7.1,Good
481,Batman Beyond: The film,(1999 TV film),"Animation,Sci-Fi,Action",132 min,"Decades after the retirement of Bruce Wayne as Batman, a boy dons the identity to avenge his own father's murder.",7.8,Good
482,Zatanna,,"Action,Adventure,Fantasy",0,"Like her father Zatara, Zatanna has many magical powers, and in that first issue, she's on a journey to find him.",0.0,Bad
483,Freedom Fighters: The Ray,(2018 Video),"Animation,Action,Fantasy",73 min,"Earth X is one of many realities in the multiverse, with one glaring difference from our Earth; the Nazis won World War II! Led by The Ray, it is here that a group of heroes known as the ...                See full summary »",6.2,Bad
484,Lego Batman: The film - DC Super Heroes Unite,(2013 Video),"Animation,Action,Adventure",71 min,"When the Joker and Lex Luthor form an alliance, Batman must team up with the Justice League in order to stop them.",6.5,Bad
485,Mortal Kombat vs. DC Universe,(2008 Video Game),"Action,Adventure,Fantasy",0,"The world of Justice League and the Netherealm collide following the merge between Darkseid and Shao Kahn, ultimately forming Dark Kahn. Heroes are haunted by a mysterious force called Rage, forgetting who the true enemy is.",6.8,Bad
486,The Zeta Project,(2001–2003),"Animation,Action,Sci-Fi",30 min,"A robot rebels against its creators, refusing to kill, and goes on the run.",7.1,Good
487,JLA Adventures: Trapped in Time,(2014 Video),"Animation,Action,Sci-Fi",52 min,"Lex Luthor is frozen during a battle with the Justice League. He thaws out in the 31st century, discovers Time Trapper and prevents Superman's arrival to Earth as a baby. Future teen heroes Karate Kid and Dawnstar must stop him.",5.8,Bad
488,Gotham Girls,(2000– ),"Animation,Comedy,Crime",0,The adventures of the female superheroes and supervillains of Gotham City.,7.4,Good
489,Lego Batman: The Videogame,(2008 Video Game),"Action,Adventure,Fantasy",0,"The notorious criminals including the Joker, the Penguin, Catwoman, and Scarecrow have broken out of Arkham Asylum and are set to wreak havoc in Gotham City.",7.9,Good
490,Under the Hood,(2009 Video),"Short,Action,Adventure",38 min,"A television interview with Hollis Mason, The first Nite-Owl, about his life and the superhero community.",7.2,Good
491,Lobo,-2000,"Animation,Short,Action",2 min,"The many adventures of the Main Man Lobo, a galactic bounty hunter.",6.8,Bad
492,Superman,-1988,"Animation,Short,Action",30 min,The Man of Steel fights evil in the city of Metropolis and beyond. Each episode ends with a short vignette about key events from Kal-El's youth on Earth.,7.1,Good
493,Too Funny to Fail: The Life & Death of The Dana Carvey Show,-2017,Documentary,92 min,"Creators, cast and network executives recount the strange history of the Dana Carvey Show, the irreverent prime time sketch comedy show that aired for eight episodes on ABC, following its star's meteoric run on Saturday Night Live.",7.7,Good
494,Justice League: Gods and Monsters Chronicles,(2015–2016),"Animation,Short,Action",6 min,"Taking place in an alternate reality featuring their versions of Superman, Wonder Woman, and Batman.",7.7,Good
495,The Super Powers Team: Galactic Guardians,(1985– ),"Adventure,Animation,Fantasy",30 min,"With the additional help of Cyborg, the greatest DC Comics superheroes continue their battle against the forces of evil.",7.6,Good
496,Batman: Knightfall,-2022,"Action,Crime,Thriller",0,The Glorious Pictures or Batman: Knightfall is not affiliated with WB or DC in any manner. Batman: Knightfall is a Realistic CGI non-commercial fan-film being made by The Glorious Pictures ...                See full summary »,0.0,Bad
497,LEGO DC Comics Super Heroes: Aquaman - Rage of Atlantis,(2018 Video),"Animation,Action,Adventure",77 min,"Aquaman must battle foes in the air, on land and in the depths of the Seven Seas, along with some help from The Justice League, to save the day .",5.7,Bad
498,Challenge of the Superfriends,-1978,"Animation,Action,Family",30 min,"The Justice League of America battles the plots of the supervillian team, the Legion of Doom.",7.7,Good
499,The Plastic Man Comedy/Adventure Show,(1979– ),"Animation,Adventure,Family",120 min,The adventures of the original stretchable superhero and various other characters.,6.4,Bad
500,Smallville Season 3 Promo,(2003 TV Short),"Short,Adventure,Drama",4 min,"A young Clark Kent struggles to find his place in the world as he learns to harness his alien powers for good and deals with the typical troubles of teenage life in Smallville, Kansas. It ...                See full summary »",9.1,Very Good
501,Superman Returns,(2006 Video Game),"Action,Adventure,Fantasy",0,"The Man of Steel returns from the extinct planet Kyrpton to his home Metropolis only to find himself protecting it once more from foes such as Metallo, Mongul and Bizarro.",5.5,Bad
502,Swamp Thing,(II) (1990– ),"Animation,Action,Adventure",30 min,"Scientist Alec Holland invents a growth substance that could end world hunger, but a plantation owner obsessed with immortality tries to steal it and causes an accident that turns Alec into a human-plant mutant, protector of the bayou.",6.3,Bad
503,SuperFriends: The Legendary Super Powers Show,-1984,"Action,Animation",30 min,"Now with the addition of Firestorm, the Super Friends oppose the forces of evil, especially the evil New God, Darkseid.",7.4,Good
504,The All-New Super Friends Hour,(1977–1978),"Animation,Action,Adventure",60 min,A team of the greatest DC Comics superheroes protects Earth with the help of a pair of alien sibling apprentices.,7.2,Good
505,Robotech: The Shadow Chronicles,-2006,"Animation,Action,Adventure",88 min,"Picking up where the original series left off, Scott Bernard continues his search for Rick Hunter and the fate of the SDF-3.",6.5,Bad
506,DC Fandome,(2020 TV Special),"Action,Fantasy,Talk-Show",0,a Plot,8.7,Very Good
507,Green Arrow,-2014,"Animation,Sci-Fi",1 min,An DC animated shorts following the emerald archer and his super artificial intelligence bow as he takes on crime alongside black canary.,7.7,Good
508,The Fire Rises: The Creation and Impact of the Dark Knight Trilogy,(2013 Video),Documentary,77 min,Documentary about the Dark Knight Trilogy.,8.1,Good
509,The Omen Legacy,(2001 TV film),Documentary,100 min,"The true stories that spawned the eerie tale of Damien, a small boy with an angelic face, whose very name still conjures up thoughts of Satan. This documentary shares spine-tingling ...                See full summary »",6.7,Bad
510,The World's Greatest SuperFriends,(1979– ),"Adventure,Animation",30 min,The further and darker adventures of the team consisting of DC Comics' greatest superheroes.,7.5,Good
511,Necessary Evil: Super-Villains of DC Comics,-2013,Documentary,99 min,"A documentary detailing the epic Rogues' Gallery of DC Comics from The Joker and Lex Luthor, Sinestro, Darkseid and more, this documentary will explore the Super Villains of DC Comics.",6.8,Bad
512,Dark Justice,-2003,"Short,Action",11 min,"A Batman fan film in which Commissioner Gordon's daughter Barbara is kidnapped by a man he sent to prison 20 years before, and he asks for Batman's help to get her back.",5.9,Bad
513,Frankenpimp,-2009,"Action,Comedy,Fantasy",194 min,"Romeo Montague is the alias of (the re-animated) Patient Zero, a skilled, mutated android hit-man/pimp/ancient relics collector, that lives in Verona City, N.Y.; a dystopic metropolis filled with extreme horror and sexual deviancy.",1.1,Bad
514,Superman 50th Anniversary,(1988 TV film),"Comedy,Documentary",49 min,A humorous telling of the history of the comic book superhero.,5.7,Bad
515,Winx Club,(2006 Video Game),"Animation,Action,Adventure",0,Year of manufacture: 2006 Genre: Action / Adventure / For Kids Developer: DC Studios Publisher: Konami Language: Russian and English Language of voice: English Publication Type: Piratka ...                See full summary »,6.8,Bad
516,Teen Titans,(2005 Video Game),"Animation,Action,Adventure",0,A video game based on the hit TV show Teen Titans.,7.2,Good
517,Metropolis,(V),"Action,Crime,Drama",60 min,Metropolis will follow Lois Lane and Lex Luthor as they investigate the world of fringe science and expose the city's dark and bizarre secrets. Airing exclusively on DC's upcoming digital ...                See full summary »,0.0,Bad
518,You Will Believe: The Cinematic Saga of Superman,(2006 Video),Documentary,89 min,a Plot,7.9,Good
519,Greatest Ever 80s films,(2007 TV film),Documentary,120 min,a Plot,5.8,Bad
520,100 Bullets,,"Action,Drama,Thriller",0,A man offers people who have been wronged an unexpected form of vengeance.,0.0,Bad
521,The Science of Superman,(2006 TV film),Documentary,51 min,"""Science of Superman"" interviews the experts and uses highlights from comic books, television and film - including scenes from the 2006 summer blockbuster, ""Superman Returns"" - to examine ...                See full summary »",7.0,Good
522,Aquaman: Battle for Atlantis,(2003 Video Game),"Action,Adventure,Fantasy",0,"After being presumed dead, Black Manta has returned and intends to destroy kingdom of Atlantis. In order to protect his subjects and the rest of the seven seas, Aquaman must venture into his city, save his people, and defeat Black Manta.",3.5,Bad
523,The Devil You Know: Inside the Mind of Todd McFarlane,-2001,"Documentary,Biography",77 min,A film about the life and career of the famed Canadian comic book talent.,6.4,Bad
524,Batman,(1991 Video Game),"Action,Fantasy",0,a Plot,7.3,Good
525,First Flight: The Fleischer Superman Series,(2006 Video),"Documentary,Short",13 min,Superman leaps off the comic page for the first time in this animated series that ran from 1941-1942.,7.0,Good
526,DC Nation's Farm League,(2012– ),"Animation,Fantasy,Sci-Fi",1 min,"The adventures of the Justice League on a comedic animal version that includes Bat-Mongoose, Wonder Wombat, and Super-Manatee",6.3,Bad
527,Supergirl: The Making of the film,(1984 TV film),Documentary,60 min,"A documentary filmed during production of the film ""Supergirl"" showing the world how and who made it. This interesting featurette includes interviews with the cast and crew along with ...                See full summary »",5.5,Bad
528,The Making of 'Superman III',(1985 TV film),Documentary,48 min,"This documentary treats film fans to a behind-the-scenes look at the making of Superman III, a more comical take on the superhero story in which the Man of Steel takes on a supercomputer ...                See full summary »",6.1,Bad
529,Project 13,(2018– ),"Action,Crime,Drama",45 min,a Plot,0.0,Bad
530,Shadows of the Bat: The Cinematic Saga of the Dark Knight - Dark Side of the Knight,(2005 Video),"Documentary,Short",30 min,An overview of the making of Batman Returns (1992).,7.3,Good
531,Taking Flight: The Development of 'Superman',(2001 Video),"Documentary,Short",30 min,McClure presents a documentary on the making of Superman (1978).,7.3,Good
532,Legends of the Dark Knight: The History of Batman,(2005 Video),"Documentary,Short",41 min,A look at the history of the Batman comic franchise.,7.9,Good
533,Making 'Superman': Filming the Legend,(2001 Video),"Documentary,Short",31 min,a Plot,7.5,Good
534,Batman Begins: Path to Discovery,(2005 Video),"Documentary,Short",14 min,A look behind the scenes at the making of Batman Begins (2005).,7.2,Good
535,Batman: The Journey Begins,(2005 Video),"Documentary,Short",14 min,An overview of how Batman Begins (2005) was taken from concept to realization.,7.7,Good
536,The Mythology of Superman,(2006 Video),"Documentary,Short",20 min,An exploration of the mythological roots of the Man of Steel.,7.3,Good
537,Batman Returns Villains: Catwoman,(2005 Video),"Documentary,Short",5 min,Featurette on Michelle Pfeiffer's character in Batman Returns (1992).,6.6,Bad
538,Batman Heroes: Harvey Dent,(2005 Video),"Documentary,Short",2 min,Featurette on Billy Dee Williams' character in Batman (1989).,6.1,Bad
539,The Worst Batman Fanfilm Ever... Period,-2016,"Short,Action,Comedy",3 min,"Mr. Freeze, (Not Exactly) Batman and CIA collide in a plotless spoof of a fan film.",7.3,Good
540,Galaxian,(1979 Video Game),"Action,Sci-Fi",0,Face waves of aliens descending on your spaceship and clear the screen to achieve victory.,7.1,Good
541,Shadows of the Bat: The Cinematic Saga of the Dark Knight - The Legend Reborn,(2005 Video),"Documentary,Short",31 min,An overview of the making of the film Batman (1989).,7.6,Good
542,Batman Villains: Bob the Goon,(2005 Video),"Documentary,Short",2 min,Profile featurette on Tracey Walter's character in Batman (1989).,7.3,Good
543,Shadows of the Bat: The Cinematic Saga of the Dark Knight - The Gathering Storm,(2005 Video),"Documentary,Short",23 min,An overview of the development of the film Batman (1989).,7.4,Good
544,Shaping Mind and Body,(2005 Video),"Documentary,Short",13 min,"How Christian Bale got himself into shape, both physically and mentally, in order to play Batman for the film Batman Begins (2005).",7.0,Good
545,The Making of 'Superman: The film',(1980 TV film),Documentary,52 min,"Ernie Anderson narrates this look at the making of Richard Donner's blockbuster 1978 film. Behind-the-scenes footage, as well as scenes from the film, reveal just how audiences were able to...                See full summary »",7.3,Good
546,Saving Gotham City,(2005 Video),"Documentary,Short",13 min,A look at the effects work for the film Batman Begins (2005).,7.1,Good
547,From Rivals to Romance: The Making of Lois and Clark,(2005 Video),Short,26 min,A documentary about the making of Lois & Clark: The New Adventures of Superman (1993).,7.7,Good
548,Genesis of the Bat,(2005 Video),"Documentary,Short",15 min,"A look at the cultural influence of Batman, and the various film and comic book incarnations of the character, with a specific focus on the film Batman Begins (2005).",7.1,Good
549,The Magic Behind the Cape,(2001 Video),"Documentary,Short",24 min,The story of the development of the visual effects used in the first Christopher Reeve Superman film.,7.9,Good
550,Smallville: Justice and Doom,(2007 TV film),"Animation,Sci-Fi",0,a Plot,6.5,Bad
551,Frank Skinner on Muhammad Ali,(2017 TV film),"Documentary,Sport",60 min,"k Skinner learns more about his sporting hero Muhammad Ali, visiting key locations and people in his life - including the bare knuckle fighter from Oxfordshire who became one of Ali's dear friends.",7.2,Good
552,Batman: The Tumbler,(2005 Video),"Documentary,Short",14 min,An overview of the design process of the Batmobile for the film Batman Begins (2005).,7.4,Good
553,Batman Returns Villains: The Penguin,(2005 Video),"Documentary,Short",4 min,Featurette on Danny DeVito's character in Batman Returns (1992).,6.2,Bad
554,"Beyond Batman: Bats, Mattes & Dark Nights - The Visual FX of Batman Returns",(2005 Video),"Documentary,Short",12 min,A look at the special effects work on the film Batman Returns (1992).,7.3,Good
555,"Beyond Batman: Sleek, Sexy and Sinister - The Costumes of Batman Returns",(2005 Video),"Documentary,Short",13 min,A look at the costume design for the film Batman Returns (1992).,6.9,Bad
556,Cape and Cowl,(2005 Video),"Documentary,Short",8 min,A look at how the costumes were created for the film Batman Begins (2005).,6.8,Bad
557,Wonder Woman: The Ultimate Feminist Icon,(2005 Video),Short,14 min,Lynda Carter and four female authors discuss the status of Wonder Woman as a feminist icon.,7.7,Good
558,The Complete Robin Storyboard Sequence,(2005 Video),"Animation,Short,Action",4 min,"Reconstruction, using the original storyboard art and with character voiceovers, of the Robin cameo sequence from the Batman (1989) script, which was ultimately never filmed.",7.0,Good
559,Justice League: Alien Invasion,-2012,"Short,Adventure,Sci-Fi",12 min,a Plot,8.1,Good
560,Gotham City Rises,(2005 Video),"Documentary,Short",13 min,An overview of the production design work for the film Batman Begins (2005).,7.3,Good
561,Shadows of the Bat: The Cinematic Saga of the Dark Knight - The Road to Gotham City,(2005 Video),"Documentary,Short",18 min,A look at how the Batman franchise was revived by the film Batman (1989).,7.5,Good
562,Beyond Batman: Inside the Elfman Studio - The Music of Batman Returns,(2005 Video),"Documentary,Short,Music",11 min,A look at the composition of the music for the film Batman Returns (1992).,6.8,Bad
563,Batman Returns Heroes: Alfred,(2005 Video),"Documentary,Short",4 min,Featurette on Michael Gough's character in Batman Returns (1992).,6.8,Bad
564,DC Fandome - CNN Heroes: Real Life Heroes in the Age of Coronavirus,(2020 TV Special),,0,a Plot,0.0,Bad
565,Batman Returns Villains: Max Shreck,(2005 Video),"Documentary,Short",2 min,Featurette on Christopher Walken's character in Batman Returns (1992).,6.2,Bad
566,Body and Soul,(1984 TV film),"Comedy,Family,Music",60 min,Lynda Carter's fifth variety special.,9.0,Very Good
567,Beyond Batman: Making Up the Penguin,(2005 Video),"Documentary,Short",8 min,A look at the makeup design for the film Batman Returns (1992).,6.8,Bad
568,The Making of 'Superman II',(1982 TV film),Documentary,52 min,Documentary about the making of the sequel to Superman.,7.0,Good
569,Batman Returns Heroes: Batman,(2005 Video),"Documentary,Short",3 min,An overview of the Batman character as portrayed in Batman Returns (1992).,6.5,Bad
570,Film Club,(2002 TV film),Documentary,45 min,a Plot,0.0,Bad
571,Beyond Batman: Assembling the Arctic Army,(2005 Video),"Documentary,Short",10 min,A look at how the penguin army was filmed during the shooting of Batman Returns (1992).,6.9,Bad
572,Revolutionizing a Classic: From Comic Book to Television - The Evolution of Wonder Woman from Page to Screen,(2005 Video),"Documentary,Short",0,"A look at the second season of Wonder Woman, when the show moved to CBS and into the 70's.",7.8,Good
573,Batman Heroes: Vicki Vale,(2005 Video),"Documentary,Short",2 min,Featurette on Kim Basinger's character in the film Batman (1989).,7.0,Good
574,Superman,(I) (1987 Video Game),"Action,Adventure,Sci-Fi",0,Aliens invade planet Earth and only Superman can save us.,6.3,Bad
575,Batman: Night's End,-2011,Short,15 min,"Batman seeks Claire Williams, a Wayne Enterprises employee who designed the prototype of new type of hologram who has been reported missing. To rescue her, he must battle his way through a ...                See full summary »",7.4,Good
576,Guarding the Balance: Batman and the JLA,(2012 Video),Short,19 min,a Plot,6.4,Bad
577,Beyond Batman: Gotham City Revisited - The Production Design of Batman Returns,(2005 Video),"Documentary,Short",11 min,A look at the production design work for the film Batman Returns (1992).,6.8,Bad
578,Shadows of the Bat: The Cinematic Saga of the Dark Knight - Batman Unbound,(2005 Video),"Documentary,Short",27 min,a Plot,5.9,Bad
579,Shadows of the Bat: The Cinematic Saga of the Dark Knight - Reinventing a Hero,(2005 Video),"Documentary,Short",28 min,a Plot,6.6,Bad
580,The Death and Return of Superman,(1994 Video Game),"Action,Adventure,Fantasy",0,"When an unknown monster named Doomsday invades Metropolis, Superman must fight him in an epic and fierce battle to save the city.",7.3,Good
581,Batman Heroes: Alexander Knox,(2005 Video),"Documentary,Short",2 min,Featurette on Robert Wuhl's character in Batman (1989).,6.2,Bad
582,Batman Heroes: Commissioner Gordon,(2005 Video),"Documentary,Short",2 min,Featurette on Pat Hingle's character in Batman (1989).,6.0,Bad
583,Wonder Woman: A Subversive Dream,(2009 Video),"Documentary,Short",25 min,"Examines why Wonder Woman is important in the grand scheme of the DC Super Heroes and how she helped define a new generation of empowered women, who realized that their gifts of intellect and strength were as powerful as those from men.",7.1,Good
584,The Super Human In Us All,(2017 Video),Documentary,49 min,a Plot,0.0,Bad
585,Superman II: Restoring the Vision,(2006 Video),"Documentary,Short",13 min,a Plot,7.9,Good
586,A Sneek Peak at Justice League: Doom,(2011 Video),"Documentary,Short",10 min,a Plot,6.0,Bad
587,Superboy: Spies from Outer Space,(1996 Video Game),,0,a Plot,0.0,Bad
588,Aquaman: War of the Water Worlds,(1996 Video Game),"Adventure,Family,Fantasy",0,Interactive motion comic adaptation of an episode from Aquaman 1968 animated TV series. The show's villains have united and captured all of Aquaman's sea friends. Can he stop their plan to finally take over the oceans and then the land?,7.8,Good
589,Superman: The Mysterious Mr. Mist,(1996 Video Game),,0,a Plot,4.6,Bad
590,Batman: Partners in Peril,(1996 Video Game),,0,a Plot,6.6,Bad
591,Batman Returns,(II) (1993 Video Game),,0,a Plot,0.0,Bad
592,Playstation Underground Volume 4,(1998 Video Game),,0,a Plot,0.0,Bad
1023,Krypto the Superdog,(2005–2006),"Animation,Action,Comedy",24 min,The Dog Stars argue as to who should take over the ship when Brainy Barker becomes incapacitated. Snooky infiltrates Streaky's fan club in order to scheme against Supercat and Superdog.,8.4,Good
1024,Smallville,(2001–2011),"Adventure,Drama,Romance",43 min,"Lionel Luthor is chased by a man with a mask and forced to play hangman to save his life when he traps Lionel in his limo in the path of a moving train. Later, he is abducted by the same ...                See full summary »",8.5,Very Good
1025,Krypto the Superdog,(2005–2006),"Animation,Action,Comedy",22 min,"Krypto tells the story about how he arrived on Earth and met Kevin. Krypto continues his story, explaining how he became known as Superdog.",7.3,Good
1271,Legends of the Superheroes,-1979,"Action,Comedy,Adventure",0,"Ed McMahon hosts this special gathering in which the greatest DC heroes are roasted and toasted by some of their greatest enemies, lesser known colleagues and family members.",5.7,Bad
1556,DC Super Hero Girls,(2015–2018),"Animation,Short,Action",0,Jessica faces her fears as she takes on Sinestro.,0.0,Bad
